commit_id,date,message
commit_01,2025-01-01,Update methane monitoring script iteration 1
commit_02,2025-01-02,Update methane monitoring script iteration 2
commit_03,2025-01-03,Update methane monitoring script iteration 3
commit_04,2025-01-04,Update methane monitoring script iteration 4
commit_05,2025-01-05,Update methane monitoring script iteration 5
commit_06,2025-01-06,Update methane monitoring script iteration 6
commit_07,2025-01-07,Update methane monitoring script iteration 7
commit_08,2025-01-08,Update methane monitoring script iteration 8
commit_09,2025-01-09,Update methane monitoring script iteration 9
commit_10,2025-01-10,Update methane monitoring script iteration 10
commit_11,2025-01-11,Update methane monitoring script iteration 11
commit_12,2025-01-12,Update methane monitoring script iteration 12
commit_13,2025-01-13,Update methane monitoring script iteration 13
commit_14,2025-01-14,Update methane monitoring script iteration 14
commit_15,2025-01-15,Update methane monitoring script iteration 15
commit_16,2025-01-16,Update methane monitoring script iteration 16
commit_17,2025-01-17,Update methane monitoring script iteration 17
commit_18,2025-01-18,Update methane monitoring script iteration 18
commit_19,2025-01-19,Update methane monitoring script iteration 19
commit_20,2025-01-20,Update methane monitoring script iteration 20
commit_21,2025-01-21,Update methane monitoring script iteration 21
commit_22,2025-01-22,Update methane monitoring script iteration 22
commit_23,2025-01-23,Update methane monitoring script iteration 23
commit_24,2025-01-24,Update methane monitoring script iteration 24
commit_25,2025-01-25,Update methane monitoring script iteration 25
commit_26,2025-01-26,Update methane monitoring script iteration 26
commit_27,2025-01-27,Update methane monitoring script iteration 27
commit_28,2025-01-28,Update methane monitoring script iteration 28
commit_29,2025-01-29,Update methane monitoring script iteration 29
commit_30,2025-01-30,Update methane monitoring script iteration 30
commit_31,2025-01-31,Update methane monitoring script iteration 31
commit_32,2025-02-01,Update methane monitoring script iteration 32
commit_33,2025-02-02,Update methane monitoring script iteration 33
commit_34,2025-02-03,Update methane monitoring script iteration 34
commit_35,2025-02-04,Update methane monitoring script iteration 35
commit_36,2025-02-05,Update methane monitoring script iteration 36
commit_37,2025-02-06,Update methane monitoring script iteration 37
commit_38,2025-02-07,Update methane monitoring script iteration 38
commit_39,2025-02-08,Update methane monitoring script iteration 39
commit_40,2025-02-09,Update methane monitoring script iteration 40
commit_41,2025-02-10,Update methane monitoring script iteration 41
commit_42,2025-02-11,Update methane monitoring script iteration 42
commit_43,2025-02-12,Update methane monitoring script iteration 43
commit_44,2025-02-13,Update methane monitoring script iteration 44
commit_45,2025-02-14,Update methane monitoring script iteration 45
commit_46,2025-02-15,Update methane monitoring script iteration 46
commit_47,2025-02-16,Update methane monitoring script iteration 47
commit_48,2025-02-17,Update methane monitoring script iteration 48
commit_49,2025-02-18,Update methane monitoring script iteration 49
commit_50,2025-02-19,Update methane monitoring script iteration 50
